Typ;Názov v katalógu;Nájdený produkt v Shoptete;Skóre;Metóda;V ponuke
rubber;Andro Blowfish Plus;;56.2;unmatched;nie
rubber;Andro Hexer Pips;;87.5;unmatched;nie
rubber;Andro NUZN 45;;92.3;unmatched;nie
rubber;Barna Base Legend Half Long;;77.3;unmatched;nie
rubber;Barna Base Legend Half Long OX;;77.3;unmatched;nie
rubber;Barna Original Extra Spin;;78.0;unmatched;nie
rubber;Barna Original Legend Classic - OX;;81.6;unmatched;nie
rubber;Barna Original Legend Fire - OX;;79.1;unmatched;nie
rubber;Barna Original Legend Long;;79.1;unmatched;nie
rubber;Barna Original Legend Long - OX;;79.1;unmatched;nie
rubber;Barna Original Super Glanti;;82.6;unmatched;nie
rubber;Barna Original Super Glanti Black Edition;;89.4;unmatched;nie
rubber;Barna Original Virus-2;;78.0;unmatched;nie
rubber;Barna Original Virus-2 OX;;78.0;unmatched;nie
rubber;Butterfly Orthodox DX - OX;;92.3;unmatched;nie
rubber;Butterfly Roundell Soft;;87.8;unmatched;nie
rubber;Butterfly Speedy P.O.;;73.2;unmatched;nie
rubber;Butterfly Sriver;;94.1;unmatched;nie
rubber;Butterfly Tenergy 05  B;;95.2;unmatched;nie
rubber;Butterfly Tenergy 05-FX;;95.7;unmatched;nie
rubber;Butterfly Tenergy 25-FX;;95.7;unmatched;nie
rubber;Butterfly Tenergy 64-FX;;95.7;unmatched;nie
rubber;Butterfly Tenergy 80-FX;;95.7;unmatched;nie
rubber;Butterfly Zyre-03;;94.1;unmatched;nie
rubber;Der-Materialspezialist Anti-Speed;;97.0;unmatched;nie
rubber;Der-Materialspezialist Beast;;88.5;unmatched;nie
rubber;Der-Materialspezialist Breakout;;96.8;unmatched;nie
rubber;Der-Materialspezialist Breakout - OX;;96.8;unmatched;nie
rubber;Der-Materialspezialist Burnout;;96.7;unmatched;nie
rubber;Der-Materialspezialist Elimination Extra Long;;97.8;unmatched;nie
rubber;Der-Materialspezialist Elimination Extra Long OX;;97.8;unmatched;nie
rubber;Der-Materialspezialist Elite Long;;97.0;unmatched;nie
rubber;Der-Materialspezialist Elite Long OX;;97.0;unmatched;nie
rubber;Der-Materialspezialist ESP;;92.6;unmatched;nie
rubber;Der-Materialspezialist ESP Blackspin Edition;;95.6;unmatched;nie
rubber;Der-Materialspezialist Fakir;;96.4;unmatched;nie
rubber;Der-Materialspezialist Fakir OX;;96.4;unmatched;nie
rubber;Der-Materialspezialist Firestorm;;96.9;unmatched;nie
rubber;Der-Materialspezialist Firestorm Green Storm Edition;;78.7;unmatched;nie
rubber;Der-Materialspezialist Firestorm Green Storm Edition OX;;78.7;unmatched;nie
rubber;Der-Materialspezialist Firestorm Soft;;97.3;unmatched;nie
rubber;Der-Materialspezialist Flashback;;96.9;unmatched;nie
rubber;Der-Materialspezialist Flashback OX;;96.9;unmatched;nie
rubber;Der-Materialspezialist Hallucination;;97.2;unmatched;nie
rubber;Der-Materialspezialist Hallucination OX;;97.2;unmatched;nie
rubber;Der-Materialspezialist Hardcore;;96.8;unmatched;nie
rubber;Der-Materialspezialist Hardcore Speed;;97.3;unmatched;nie
rubber;Der-Materialspezialist Hellcat;;96.7;unmatched;nie
rubber;Der-Materialspezialist Hellcat OX;;96.7;unmatched;nie
rubber;Der-Materialspezialist Kamikaze;;96.8;unmatched;nie
rubber;Der-Materialspezialist Kamikaze - OX;;96.8;unmatched;nie
rubber;Der-Materialspezialist Kamikaze Long Green;;83.7;unmatched;nie
rubber;Der-Materialspezialist Kamikaze Long Green OX;;83.7;unmatched;nie
rubber;Der-Materialspezialist Killing Defender;;97.4;unmatched;nie
rubber;Der-Materialspezialist Killing Defender Soft;;97.7;unmatched;nie
rubber;Der-Materialspezialist LSD Long Super Defence;;95.7;unmatched;nie
rubber;Der-Materialspezialist LSD Long Super Defence OX;;95.7;unmatched;nie
rubber;Der-Materialspezialist Mega-Block;;87.3;unmatched;nie
rubber;Der-Materialspezialist Outkill;;96.7;unmatched;nie
rubber;Der-Materialspezialist Power Pipes;;97.1;unmatched;nie
rubber;Der-Materialspezialist Power Pipes - OX;;97.1;unmatched;nie
rubber;Der-Materialspezialist Predator;;96.8;unmatched;nie
rubber;Der-Materialspezialist Predator - OX;;96.8;unmatched;nie
rubber;Der-Materialspezialist Rebellion;;96.9;unmatched;nie
rubber;Der-Materialspezialist Rebellion - OX;;96.9;unmatched;nie
rubber;Der-Materialspezialist Reflection;;95.5;unmatched;nie
rubber;Der-Materialspezialist Scandal;;82.0;unmatched;nie
rubber;Der-Materialspezialist Shockwave;;96.9;unmatched;nie
rubber;Der-Materialspezialist Shockwave - OX;;96.9;unmatched;nie
rubber;Der-Materialspezialist Spectre;;96.7;unmatched;nie
rubber;Der-Materialspezialist Spectre OX;;96.7;unmatched;nie
rubber;Der-Materialspezialist Spinfire;;96.8;unmatched;nie
rubber;Der-Materialspezialist Spinfire Extrem;;97.4;unmatched;nie
rubber;Der-Materialspezialist Spinfire Extrem OX;;97.4;unmatched;nie
rubber;Der-Materialspezialist Spinfire OX;;96.8;unmatched;nie
rubber;Der-Materialspezialist Spinfire Soft;;89.6;unmatched;nie
rubber;Der-Materialspezialist Storkraft;;96.9;unmatched;nie
rubber;Der-Materialspezialist Superwall;;96.9;unmatched;nie
rubber;Der-Materialspezialist Superwall - OX;;96.9;unmatched;nie
rubber;Der-Materialspezialist Tenacious Violence Speed;;97.9;unmatched;nie
rubber;Der-Materialspezialist Tenacious Violence;;97.6;unmatched;nie
rubber;Der-Materialspezialist Transformer;;97.1;unmatched;nie
rubber;Der-Materialspezialist Transformer Extra Slow;;83.8;unmatched;nie
rubber;Der-Materialspezialist TTR-Killer;;97.0;unmatched;nie
rubber;Der-Materialspezialist TTR-Killer Soft;;90.1;unmatched;nie
rubber;Der-Materialspezialist Undertaker;;97.0;unmatched;nie
rubber;Der-Materialspezialist Wildfire;;96.8;unmatched;nie
rubber;Der-Materialspezialist Wildfire OX;;96.8;unmatched;nie
rubber;DHS 6512;;93.3;unmatched;nie
rubber;DHS 874;;76.9;unmatched;nie
rubber;DHS G888;;71.4;unmatched;nie
rubber;DHS Gold Arc 5 - 42.5 Degrees;;68.6;unmatched;nie
rubber;DHS Gold Arc 8 - 47.5 Degrees;;74.3;unmatched;nie
rubber;DHS Gold Arc 8 - 50 Hardness;;66.7;unmatched;nie
rubber;DHS Hurricane 3 - 38 Degrees;;73.2;unmatched;nie
rubber;DHS Hurricane 3 - 39 Degrees;;68.3;unmatched;nie
rubber;DHS Hurricane 3 - 40 Degrees;;72.7;unmatched;nie
rubber;DHS Hurricane 3 National;;75.0;unmatched;nie
rubber;DHS Hurricane 3 National - Blue Sponge;;60.6;unmatched;nie
rubber;DHS Hurricane 3 Neo - 37 Degrees;;66.7;unmatched;nie
rubber;DHS Hurricane 3 Neo - 39 Degrees;;66.7;unmatched;nie
rubber;DHS Hurricane 3 Neo - 40 Degrees;;66.7;unmatched;nie
rubber;DHS Hurricane 3 Neo National - 37 Degrees;;58.0;unmatched;nie
rubber;DHS Hurricane 3 Neo National - 39 Degrees;;58.0;unmatched;nie
rubber;DHS Hurricane 3 Neo National - 40 Degrees;;58.0;unmatched;nie
rubber;DHS Hurricane 3 Neo National - Blue Sponge - 40 Degrees;;51.9;unmatched;nie
rubber;DHS Hurricane 3 Neo Provincial - 37 Degrees;;56.3;unmatched;nie
rubber;DHS Hurricane 3 Neo Provincial - 39 Degrees;;56.3;unmatched;nie
rubber;DHS Hurricane 3 Neo Provincial - 40 Degrees;;56.3;unmatched;nie
rubber;DHS Hurricane 3 Neo Provincial - Blue Sponge - 39 Degrees;;50.6;unmatched;nie
rubber;DHS Hurricane 3 Provincial - Orange Sponge;;62.9;unmatched;nie
rubber;DHS Hurricane 3-50 - 35 Degrees;;76.6;unmatched;nie
rubber;DHS Hurricane 3-50 - 37 Degrees;;76.6;unmatched;nie
rubber;DHS Hurricane 8 - 37 Degrees;;73.2;unmatched;nie
rubber;DHS Hurricane 8 - 39 Degrees;;73.2;unmatched;nie
rubber;DHS Hurricane 8 - 40 Degrees;;73.2;unmatched;nie
rubber;DHS Hurricane 8 - 41 Degrees;;73.2;unmatched;nie
rubber;DHS Hurricane 8-80 - 37 Degrees;;68.2;unmatched;nie
rubber;DHS Hurricane 8-80 - 38 Degrees;;68.2;unmatched;nie
rubber;DHS Hurricane 9 - Blue;;80.0;unmatched;nie
rubber;DHS Hurricane 9 - Green;;77.8;unmatched;nie
rubber;DHS Hurricane 9 - Pink;;83.3;unmatched;nie
rubber;DHS Hurricane 9 - Violet;;78.9;unmatched;nie
rubber;DHS PF4-50;;82.4;unmatched;nie
rubber;DHS Skyline 3 - 39 Degrees;;65.0;unmatched;nie
rubber;DHS Skyline 3 - 40 Degrees;;70.0;unmatched;nie
rubber;DHS Skyline 3 Neo - 40 Degrees;;63.6;unmatched;nie
rubber;DHS Skyline 3-60 Mid - 37 Degrees;;68.1;unmatched;nie
rubber;DHS Skyline 3-60 Soft - 35 Degrees;;66.7;unmatched;nie
rubber;DHS Tinarc 5;;91.7;unmatched;nie
rubber;Donic Alligator Anti;;82.1;unmatched;nie
rubber;Donic Baxster F1-A Pips Out;;80.0;unmatched;nie
rubber;Donic BlueStar A2;;94.1;unmatched;nie
rubber;Donic BlueStar A3;;94.1;unmatched;nie
rubber;Donic Bluestorm Big Slam;;97.9;unmatched;nie
rubber;Donic Desto F3 Big Slam;;97.8;unmatched;nie
rubber;Dr. Neubauer ABS 2 Evo;;83.3;unmatched;nie
rubber;Dr. Neubauer ABS 2 Soft;;81.1;unmatched;nie
rubber;Dr. Neubauer ABS 3;;93.8;unmatched;nie
rubber;Dr. Neubauer ABS 3 Pro  N;;80.0;unmatched;nie
rubber;Dr. Neubauer Aggressor Evo;;91.3;unmatched;nie
rubber;Dr. Neubauer Aggressor Pro;;91.3;unmatched;nie
rubber;Dr. Neubauer Allround Premium 2;;69.2;unmatched;nie
rubber;Dr. Neubauer Allround Premium 2 OX;;69.2;unmatched;nie
rubber;Dr. Neubauer Bison+;;97.1;unmatched;nie
rubber;Dr. Neubauer Buffalo+;;97.4;unmatched;nie
rubber;Dr. Neubauer Defence Master;;71.7;unmatched;nie
rubber;Dr. Neubauer Desperado 2;;76.2;unmatched;nie
rubber;Dr. Neubauer Desperado 2 OX;;76.2;unmatched;nie
rubber;Dr. Neubauer Desperado Reloaded;;69.4;unmatched;nie
rubber;Dr. Neubauer Desperado Reloaded OX;;69.4;unmatched;nie
rubber;Dr. Neubauer Django;;81.1;unmatched;nie
rubber;Dr. Neubauer Dominance Speed;;87.7;unmatched;nie
rubber;Dr. Neubauer Dominance Spin;;78.6;unmatched;nie
rubber;Dr. Neubauer Domination Speed Soft;;92.1;unmatched;nie
rubber;Dr. Neubauer Gangster;;82.1;unmatched;nie
rubber;Dr. Neubauer Gangster OX;;82.1;unmatched;nie
rubber;Dr. Neubauer K.O. Extreme;;78.9;unmatched;nie
rubber;Dr. Neubauer K.O. Extreme OX;;78.9;unmatched;nie
rubber;Dr. Neubauer K.O. Pro;;88.2;unmatched;nie
rubber;Dr. Neubauer Killer Extreme;;83.3;unmatched;nie
rubber;Dr. Neubauer Killer Pro Evo;;91.7;unmatched;nie
rubber;Dr. Neubauer Killer Soft;;88.9;unmatched;nie
rubber;Dr. Neubauer Punch;;76.5;unmatched;nie
rubber;Dr. Neubauer Punch OX;;76.5;unmatched;nie
rubber;Dr. Neubauer Rhino;;82.4;unmatched;nie
rubber;Dr. Neubauer Tornado Extreme;;73.5;unmatched;nie
rubber;Dr. Neubauer Tornado Supreme;;73.7;unmatched;nie
rubber;Dr. Neubauer Tornado Supreme Soft;;71.0;unmatched;nie
rubber;Dr. Neubauer Trouble Maker;;73.9;unmatched;nie
rubber;Dr. Neubauer Trouble Maker OX;;73.9;unmatched;nie
rubber;Dr. Neubauer Trouble Maker Reloaded;;64.4;unmatched;nie
rubber;Dr. Neubauer Trouble Maker Reloaded OX;;64.4;unmatched;nie
rubber;Gambler Mech-Tek Predator;;53.6;unmatched;nie
rubber;Gambler Nine Ultra Tack Oh-Toro;;51.0;unmatched;nie
rubber;Gambler Vintage;;54.5;unmatched;nie
rubber;Gambler Vintage OX;;54.5;unmatched;nie
rubber;Gambler Volt Pro Gold Label;;45.8;unmatched;nie
rubber;Gambler Volt Speed Gold Label;;48.1;unmatched;nie
rubber;Gambler Volt-M;;46.7;unmatched;nie
rubber;Gambler Volt-T Oh-Toro;;45.0;unmatched;nie
rubber;Gambler Zero;;51.9;unmatched;nie
rubber;GEWO Codexx EF Pro 54;;70.0;unmatched;nie
rubber;GEWO Codexx EL Pro 52;;70.3;unmatched;nie
rubber;GEWO Codexx Superselect Pro 53;;57.1;unmatched;nie
rubber;GEWO Codexx Superselect Pro 55;;57.1;unmatched;nie
rubber;GEWO CS Powerspeed;;57.1;unmatched;nie
rubber;GEWO Elaxxon eFT 45.0;;71.4;unmatched;nie
rubber;GEWO Elaxxon eFT 50.0;;71.4;unmatched;nie
rubber;GEWO Hype KR Pro 47.5;;87.5;unmatched;nie
rubber;GEWO Inventus XT Pro 47.5;;68.6;unmatched;nie
rubber;GEWO Inventus XT Pro 50.0;;68.6;unmatched;nie
rubber;GEWO Inventus XT Pro 52.5;;68.6;unmatched;nie
rubber;GEWO Mega Flex Control;;64.7;unmatched;nie
rubber;GEWO Nano S Speed;;62.9;unmatched;nie
rubber;GEWO nanoFLEX FT 48;;97.3;unmatched;nie
rubber;GEWO Neoflexx eFT 40;;84.2;unmatched;nie
rubber;GEWO Neoflexx eFT 45;;84.2;unmatched;nie
rubber;GEWO Neoflexx eFT 48;;84.2;unmatched;nie
rubber;GEWO Nexxus EL Pro 38;;70.3;unmatched;nie
rubber;GEWO Nexxus EL Pro 43;;75.0;unmatched;nie
rubber;GEWO Nexxus EL Pro 45 SuperSelect;;57.7;unmatched;nie
rubber;GEWO Nexxus EL Pro 48;;75.0;unmatched;nie
rubber;GEWO Nexxus EL Pro 48 SuperSelect;;57.7;unmatched;nie
rubber;GEWO Nexxus EL Pro 50 Hard;;66.7;unmatched;nie
rubber;GEWO Nexxus EL Pro 50 SuperSelect;;57.7;unmatched;nie
rubber;GEWO Nexxus EL Pro 53 Hard;;62.2;unmatched;nie
rubber;GEWO Nexxus EL Pro 53 SuperSelect;;53.8;unmatched;nie
rubber;GEWO Nexxus XT Pro 48;;65.0;unmatched;nie
rubber;GEWO Nexxus XT Pro 50 Hard;;57.8;unmatched;nie
rubber;GEWO Proton Neo 475;;94.7;unmatched;nie
rubber;GEWO Raver;;64.0;unmatched;nie
rubber;Hallmark Clutter LP;;68.6;unmatched;nie
rubber;Hallmark Clutter LP - OX;;68.6;unmatched;nie
rubber;Hallmark Confusion;;70.3;unmatched;nie
rubber;Hallmark Confusion OX;;70.3;unmatched;nie
rubber;Hallmark Destroyer;;70.6;unmatched;nie
rubber;Hallmark Destroyer OX;;70.6;unmatched;nie
rubber;Hallmark Mega Spin Control;;66.7;unmatched;nie
rubber;Hallmark Tactics LP;;94.7;unmatched;nie
rubber;Hallmark Tactics LP OX;;94.7;unmatched;nie
rubber;Hallmark Tactics LP Special OX;;78.3;unmatched;nie
rubber;JOOLA Rhyzer Pro 45;;94.7;unmatched;nie
rubber;JOOLA Trinity Charged Hugo Calderano  N;;81.1;unmatched;nie
rubber;JOOLA Trinity Dynamic Hugo Calderano  N;;81.1;unmatched;nie
rubber;Juic 999 Elite;;80.0;unmatched;nie
rubber;Juic Air Condle;;59.3;unmatched;nie
rubber;Juic Nano Spin;;69.2;unmatched;nie
rubber;Juic Nano Spin II +S;;64.9;unmatched;nie
rubber;Juic Nano Spin II Charisma;;59.6;unmatched;nie
rubber;Juic Neo Anti;;96.0;unmatched;nie
rubber;Juic Neo Galaxia;;71.4;unmatched;nie
rubber;Juic Pro Galaxia;;57.1;unmatched;nie
rubber;Juic Scramble;;56.0;unmatched;nie
rubber;Juic T+ PV;;54.5;unmatched;nie
rubber;Nittaku DO Knuckle;;57.1;unmatched;nie
rubber;Nittaku DO Knuckle Long-1;;59.1;unmatched;nie
rubber;Nittaku DO Knuckle OX;;57.1;unmatched;nie
rubber;Nittaku Factive;;68.8;unmatched;nie
rubber;Nittaku Flyatt Hard;;70.6;unmatched;nie
rubber;Nittaku Flyatt Spin;;68.4;unmatched;nie
rubber;Nittaku Genextion;;70.6;unmatched;nie
rubber;Nittaku Genextion V2C;;63.2;unmatched;nie
rubber;Nittaku Hammond;;62.5;unmatched;nie
rubber;Nittaku Hammond Z2;;57.1;unmatched;nie
rubber;Nittaku Hurricane 3 Neo (8701);;61.5;unmatched;nie
rubber;Nittaku Hurricane 8-80 Power;;56.5;unmatched;nie
rubber;Nittaku Hurricane Pro 3 Turbo - Blue Sponge;;47.9;unmatched;nie
rubber;Nittaku Hurricane Pro 3 Turbo - Orange Sponge;;53.5;unmatched;nie
rubber;Nittaku Moristo DF;;62.9;unmatched;nie
rubber;Nittaku Moristo LP;;64.9;unmatched;nie
rubber;Nittaku Moristo LP One OX;;61.5;unmatched;nie
rubber;Nittaku Moristo SP;;64.9;unmatched;nie
rubber;Nittaku Moristo SP AX;;63.2;unmatched;nie
rubber;Nittaku Super DO Knuckle;;55.8;unmatched;nie
rubber;Nittaku Super DO Knuckle OX;;55.8;unmatched;nie
rubber;RITC 729 729-5;;48.5;unmatched;nie
rubber;RITC 729 Dr. Evil Pips Out - OX;;52.8;unmatched;nie
rubber;RITC 729 FX Super Soft;;77.6;unmatched;nie
rubber;RITC 729 Tack Speed;;60.0;unmatched;nie
rubber;RITC Friendship 729 Battle II;;71.7;unmatched;nie
rubber;RITC Friendship 729 Battle II National;;68.7;unmatched;nie
rubber;RITC Friendship 729 Battle II Provincial;;81.2;unmatched;nie
rubber;RITC Friendship 729 Bloom Power;;67.8;unmatched;nie
rubber;RITC Friendship 729 Bloom Spin;;76.9;unmatched;nie
rubber;RITC Friendship 729 FX (Blue Sponge);;74.2;unmatched;nie
rubber;RITC Friendship Super 729 FX;;74.5;unmatched;nie
rubber;Sanwei Gear Hyper;;58.8;unmatched;nie
rubber;Sanwei T88 Taiji Plus 2023;;58.8;unmatched;nie
rubber;Sanwei Target National;;57.1;unmatched;nie
rubber;Sanwei Ultraspin T88;;71.1;unmatched;nie
rubber;Sauer & Troeger Blackout;;77.6;unmatched;nie
rubber;Sauer & Troeger Easy P;;97.9;unmatched;nie
rubber;Sauer & Troeger Easy P OX;;97.9;unmatched;nie
rubber;Sauer & Troeger Hass;;97.7;unmatched;nie
rubber;Sauer & Troeger Hellfire;;98.0;unmatched;nie
rubber;Sauer & Troeger Hellfire OX;;98.0;unmatched;nie
rubber;Sauer & Troeger Hellfire X;;98.2;unmatched;nie
rubber;Sauer & Troeger Hellfire X OX;;98.2;unmatched;nie
rubber;Sauer & Troeger Hipster;;98.0;unmatched;nie
rubber;Sauer & Troeger Monkey;;80.9;unmatched;nie
rubber;Sauer & Troeger Monkey OX;;80.9;unmatched;nie
rubber;Sauer & Troeger Schmerz;;98.0;unmatched;nie
rubber;Sauer & Troeger Schmerz OX;;98.0;unmatched;nie
rubber;Sauer & Troeger Secret Flow Chop;SAUER&TROGER - Secret Flow Chop;98.5;fuzzy;áno
rubber;Sauer & Troeger Super Stop;;98.2;unmatched;nie
rubber;Sauer & Troeger Zargus;;97.9;unmatched;nie
rubber;Stiga DNA Dragon Grip;;93.3;unmatched;nie
rubber;Stiga Mantro Pro XH;;94.7;unmatched;nie
rubber;Stiga Symmetry;;69.0;unmatched;nie
rubber;Tibhar Ellen Defense;;88.9;unmatched;nie
rubber;Tibhar Ellen Offense;;88.9;unmatched;nie
rubber;Tibhar Grass Defense;;82.1;unmatched;nie
rubber;Tibhar Grass Defense OX;;82.1;unmatched;nie
rubber;Tibhar Hybrid K1;;93.8;unmatched;nie
rubber;Tibhar Rapid;;82.8;unmatched;nie
rubber;TSP 730;;82.4;unmatched;nie
rubber;TSP 730 21 Offensive Sponge;;58.2;unmatched;nie
rubber;TSP Triple 21 Offensive Sponge;;62.2;unmatched;nie
rubber;TSP Triple Speed;;86.5;unmatched;nie
rubber;TSP Triple Speed Chop Sponge;;85.7;unmatched;nie
rubber;TSP Triple Spin Offensive Sponge;;69.2;unmatched;nie
rubber;TSP UQ;;58.8;unmatched;nie
rubber;Victas Triple Double Extra;;84.4;unmatched;nie
rubber;Victas V large L1;;71.4;unmatched;nie
rubber;Victas V>15 Extra;;97.0;unmatched;nie
rubber;Victas V>15 Limber;;97.1;unmatched;nie
rubber;Victas V>15 Stiff;;97.0;unmatched;nie
rubber;Victas V>15 Twin Pack;;82.1;unmatched;nie
rubber;Victas V>20 Extra;;88.2;unmatched;nie
rubber;Victas Ventus Stiff;;80.0;unmatched;nie
rubber;Victas VO>103;;92.3;unmatched;nie
rubber;XIOM Jekyll and Hyde H52.5;;96.2;unmatched;nie
rubber;XIOM Jekyll and Hyde X47.5;;96.2;unmatched;nie
rubber;XIOM Jekyll and Hyde X50;;91.7;unmatched;nie
rubber;XIOM Omega 8 VIII China;;87.8;unmatched;nie
rubber;XIOM Omega 8 VIII Euro;;87.2;unmatched;nie
rubber;XIOM Omega 8 VIII Hybrid;;88.4;unmatched;nie
rubber;XIOM Omega 8 VIII Pro;;86.5;unmatched;nie
rubber;XIOM Omega V Euro DF;;94.7;unmatched;nie
rubber;XIOM Omega VII Asia;;91.9;unmatched;nie
rubber;XIOM Omega VII China Guang;;92.0;unmatched;nie
rubber;XIOM Omega VII China Ying;;81.6;unmatched;nie
rubber;XIOM Omega VII Euro;;94.4;unmatched;nie
rubber;XIOM Omega VII Hyper;;83.3;unmatched;nie
rubber;XIOM Omega VII Pro;;94.1;unmatched;nie
rubber;XIOM Omega VII Tour;;94.4;unmatched;nie
rubber;XIOM Vega China Plus;;85.7;unmatched;nie
rubber;XIOM Vega Europe;;93.3;unmatched;nie
rubber;XIOM Vega Europe H;;87.5;unmatched;nie
rubber;XIOM Vega Korea;;82.8;unmatched;nie
rubber;XIOM Vega Pro H;;92.9;unmatched;nie
rubber;Yasaka A1 Pips out;;70.0;unmatched;nie
rubber;Yasaka Anti Power;;97.0;unmatched;nie
rubber;Yasaka Mark V 30;;89.7;unmatched;nie
rubber;Yasaka Mark V M2;;89.7;unmatched;nie
rubber;Yasaka Phantom 0011 Infinity;;80.9;unmatched;nie
rubber;Yasaka Phantom 0012 Infinity;;80.9;unmatched;nie
rubber;Yasaka Rakza 7 Hard;;84.8;unmatched;nie
blade;Andro Achanta CI;;64.5;unmatched;nie
blade;Andro Achanta Legacy OFF;;62.5;unmatched;nie
blade;Andro Eloi Legacy OFF/S;;66.7;unmatched;nie
blade;Andro Gauzy BL5 ALL;;89.7;unmatched;nie
blade;Andro Gauzy BL7 OFF;;89.7;unmatched;nie
blade;Andro Heister Legacy OFF;;68.6;unmatched;nie
blade;Andro Inizo OFF;;72.7;unmatched;nie
blade;Andro Kanter CO OFF;;93.3;unmatched;nie
blade;Andro Novacell OFF/S;;64.3;unmatched;nie
blade;Andro Synteliac VCI;;62.9;unmatched;nie
blade;Andro Synteliac VCO;;66.7;unmatched;nie
blade;Andro Synteliac ZCI;;64.7;unmatched;nie
blade;Andro Synteliac ZCO;;66.7;unmatched;nie
blade;Andro Timber 7 OFF;;92.9;unmatched;nie
blade;Andro Timber 7 OFF/S;;93.8;unmatched;nie
blade;Andro TP_Ligna ALL;;88.0;unmatched;nie
blade;Andro TP_Ligna CI OFF;;78.6;unmatched;nie
blade;Andro TP_Ligna CO OFF;;78.8;unmatched;nie
blade;Andro Treiber CI OFF;;93.8;unmatched;nie
blade;Andro Treiber CO ALL/S;;94.4;unmatched;nie
blade;Andro Treiber CO OFF/S;;94.4;unmatched;nie
blade;Andro Wosik Legacy OFF;;62.1;unmatched;nie
blade;Barna Original Champion Defensive;;59.6;unmatched;nie
blade;Barna Original Triumph;;74.3;unmatched;nie
blade;Barna Original Victory;;74.3;unmatched;nie
blade;Barna Original Winner;;72.7;unmatched;nie
blade;Butterfly BalsaCarbo X5 22;;92.0;unmatched;nie
blade;Butterfly BalsaCarbo X7 22;;88.0;unmatched;nie
blade;Butterfly Boll Mezzoforte;;88.9;unmatched;nie
blade;Butterfly Cypress G-Max S;;65.2;unmatched;nie
blade;Butterfly Cypress V-Max;;68.2;unmatched;nie
blade;Butterfly Diode Pro;;88.9;unmatched;nie
blade;Butterfly Falcima;;74.3;unmatched;nie
blade;Butterfly Falcima - Chinese Penhold;;74.3;unmatched;nie
blade;Butterfly Fan Zhendong ALC;;69.6;unmatched;nie
blade;Butterfly Fan Zhendong ALC - Chinese Penhold;;69.6;unmatched;nie
blade;Butterfly Fan Zhendong CNF;;66.7;unmatched;nie
blade;Butterfly Fan Zhendong CNF - Chinese Penhold;;66.7;unmatched;nie
blade;Butterfly Fan Zhendong Super ALC;;74.2;unmatched;nie
blade;Butterfly Fan Zhendong Super ALC - Chinese Penhold;;74.2;unmatched;nie
blade;Butterfly Fan Zhendong Super ZLC;;77.4;unmatched;nie
blade;Butterfly Fan Zhendong Super ZLC- Chinese Penhold;;77.4;unmatched;nie
blade;Butterfly Fan Zhendong ZLC;;70.8;unmatched;nie
blade;Butterfly Fan Zhendong ZLC - Chinese Penhold;;70.8;unmatched;nie
blade;Butterfly Franziska Innerforce ZLC;;77.6;unmatched;nie
blade;Butterfly Garaydia Revolver-R;;60.9;unmatched;nie
blade;Butterfly Hadraw 5;;72.2;unmatched;nie
blade;Butterfly Hadraw 5 - Chinese Penhold;;72.2;unmatched;nie
blade;Butterfly Harimoto Innerforce Super ALC;;91.7;unmatched;nie
blade;Butterfly Harimoto Innerforce Super ALC - Chinese Penhold;;91.7;unmatched;nie
blade;Butterfly Harimoto Innerforce Super ZLC;;88.9;unmatched;nie
blade;Butterfly Harimoto Innerforce Super ZLC - Chinese Penhold;;88.9;unmatched;nie
blade;Butterfly Harimoto Innerforce ZLC;;97.0;unmatched;nie
blade;Butterfly Harimoto Innerforce ZLC - Chinese Penhold;;97.0;unmatched;nie
blade;Butterfly Innershield Layer ZLF;;85.2;unmatched;nie
blade;Butterfly Lin Yun-Ju Super ZLC;;77.4;unmatched;nie
blade;Butterfly Maze Advance;;81.0;unmatched;nie
blade;Butterfly Mizutani Jun Super ZLC;;87.5;unmatched;nie
blade;Butterfly Mizutani Jun ZLC;;82.8;unmatched;nie
blade;Butterfly Outerforce ALC;;80.7;unmatched;nie
blade;Butterfly Outerforce ALC - Chinese Penhold;;80.7;unmatched;nie
blade;Butterfly Outerforce CAF;;74.1;unmatched;nie
blade;Butterfly Outerforce CAF - Chinese Penhold;;74.1;unmatched;nie
blade;Butterfly Outerforce ZLC;;77.8;unmatched;nie
blade;Butterfly Outerforce ZLC - Chinese Penhold;;77.8;unmatched;nie
blade;Butterfly Ovtcharov Innerforce ALC;;86.6;unmatched;nie
blade;Butterfly Primorac;;85.7;unmatched;nie
blade;Butterfly Revoldia CNF;;74.4;unmatched;nie
blade;Butterfly Sardius;;80.0;unmatched;nie
blade;Butterfly SK Carbon;;85.7;unmatched;nie
blade;Butterfly SK Carbon - Chinese Penhold;;85.7;unmatched;nie
blade;Butterfly SK7 Classic;;71.8;unmatched;nie
blade;Butterfly SK7 Classic - Chinese Penhold;;71.8;unmatched;nie
blade;Butterfly TB5 Alpha;;76.2;unmatched;nie
blade;Butterfly Timo Boll 30th Anniversary Edition;;68.6;unmatched;nie
blade;Butterfly Timo Boll CAF;;91.3;unmatched;nie
blade;Butterfly Timo Boll CAF - Chinese Penhold;;91.3;unmatched;nie
blade;Butterfly Timo Boll J;;95.0;unmatched;nie
blade;Butterfly Timo Boll TJ;;92.7;unmatched;nie
blade;Butterfly Viscaria Super ALC;;78.3;unmatched;nie
blade;Butterfly Viscaria Super ALC - Chinese Penhold;;78.3;unmatched;nie
blade;Butterfly Xstar V;;91.4;unmatched;nie
blade;Darker Liberta Glorious;;50.0;unmatched;nie
blade;Darker Liberta Synergy Plus;;51.1;unmatched;nie
blade;Der-Materialspezialist Blockbuster;;97.1;unmatched;nie
blade;Der-Materialspezialist Defensor;;96.8;unmatched;nie
blade;Der-Materialspezialist Deluxe Carbon;;97.2;unmatched;nie
blade;Der-Materialspezialist Destroyer;;96.9;unmatched;nie
blade;Der-Materialspezialist Dr. Jekyll Mr. Hyde;;88.1;unmatched;nie
blade;Der-Materialspezialist Excalibur;;96.9;unmatched;nie
blade;Der-Materialspezialist Magic Defence;;97.2;unmatched;nie
blade;Der-Materialspezialist Power Control;;97.2;unmatched;nie
blade;Der-Materialspezialist Revolution;;80.0;unmatched;nie
blade;Der-Materialspezialist Scooper Allround+;;97.5;unmatched;nie
blade;Der-Materialspezialist Scooper Combi;;81.6;unmatched;nie
blade;Der-Materialspezialist Terror;;96.6;unmatched;nie
blade;Der-Materialspezialist The Wall;;96.8;unmatched;nie
blade;Der-Materialspezialist Trouble;;96.7;unmatched;nie
blade;Der-Materialspezialist Wizard;;96.6;unmatched;nie
blade;Der-Materialspezialist Wizard Fire;;97.1;unmatched;nie
blade;DHS Fang Bo B2;;70.6;unmatched;nie
blade;DHS Fang Bo B2 - Chinese Penhold;;70.6;unmatched;nie
blade;DHS Fang Bo B2 X;;66.7;unmatched;nie
blade;DHS Fang Bo B2 X - Chinese Penhold;;66.7;unmatched;nie
blade;DHS Hurricane 301;;47.4;unmatched;nie
blade;DHS Hurricane 301 - Chinese Penhold;;47.4;unmatched;nie
blade;DHS Hurricane 301T;;46.2;unmatched;nie
blade;DHS Hurricane 301T - Chinese Penhold;;46.2;unmatched;nie
blade;DHS Hurricane 301X;;46.2;unmatched;nie
blade;DHS Hurricane Hao 2;;56.4;unmatched;nie
blade;DHS Hurricane Hao 2 - Chinese Penhold;;56.4;unmatched;nie
blade;DHS Hurricane Hao 3;;56.4;unmatched;nie
blade;DHS Hurricane Hao 3 - Chinese Penhold;;56.4;unmatched;nie
blade;DHS Hurricane King (Wang Chuqin);;49.0;unmatched;nie
blade;DHS Hurricane Long 3;;59.5;unmatched;nie
blade;DHS Hurricane Long 5;;59.5;unmatched;nie
blade;DHS Hurricane Long 5 - Chinese Penhold;;59.5;unmatched;nie
blade;DHS Hurricane Long 5 Light;;74.4;unmatched;nie
blade;DHS Hurricane Long 5 Light - Chinese Penhold;;74.4;unmatched;nie
blade;DHS Hurricane Long 5 National (W968);;49.1;unmatched;nie
blade;DHS Hurricane Long 5X;;57.9;unmatched;nie
blade;DHS Hurricane Long 5X - Chinese Penhold;;57.9;unmatched;nie
blade;DHS Power G5X;;51.9;unmatched;nie
blade;DHS Power G7;;53.8;unmatched;nie
blade;DHS Power G7 - Chinese Penhold;;53.8;unmatched;nie
blade;DHS Power G8;;53.8;unmatched;nie
blade;DHS Wind Series W1030;;54.5;unmatched;nie
blade;DHS Wind Series W1130 - Chinese Penhold;;54.5;unmatched;nie
blade;Donic Anders Lind Hexa Carbon;;72.7;unmatched;nie
blade;Donic Balsa Carbo Certran Fiber;;68.0;unmatched;nie
blade;Donic Cayman;;64.0;unmatched;nie
blade;Donic Defplay Inner Carbon;;72.0;unmatched;nie
blade;Donic Defplay Senso V3;;92.7;unmatched;nie
blade;Donic Dotec True Carbon Inner;;75.0;unmatched;nie
blade;Donic Elite Carbon;;77.4;unmatched;nie
blade;Donic JO Waldner Gold Edition;;66.7;unmatched;nie
blade;Donic New Impuls 6.5;;90.0;unmatched;nie
blade;Donic New Impuls 7.5;;95.0;unmatched;nie
blade;Donic Original Exclusive Carbon;;79.4;unmatched;nie
blade;Donic Original No. 1;;72.7;unmatched;nie
blade;Donic Original No. 1 Senso;;72.0;unmatched;nie
blade;Donic Original Senso Carbon;;84.4;unmatched;nie
blade;Donic Original Senso V1;;75.6;unmatched;nie
blade;Donic Original True Carbon;;78.4;unmatched;nie
blade;Donic Original True Carbon Inner;;73.7;unmatched;nie
blade;Donic Persson Dotec Offensive;;79.2;unmatched;nie
blade;Donic Persson Power Allround;;85.7;unmatched;nie
blade;Donic Relevant;;82.4;unmatched;nie
blade;Donic Skachkov Carbon;;70.8;unmatched;nie
blade;Donic Waldner Black Devil Carbon Balsa;;71.9;unmatched;nie
blade;Donic Waldner Dotec AR;;92.7;unmatched;nie
blade;Donic Waldner JO Shape Limited Edition;;62.9;unmatched;nie
blade;Donic Waldner Legend Carbon;;86.8;unmatched;nie
blade;Donic Waldner Senso Carbon JO Shape Limited Edition;;67.5;unmatched;nie
blade;Donic Waldner Senso Carbon V1;;94.5;unmatched;nie
blade;Donic World Champion 89 - Appelgren All+;;63.6;unmatched;nie
blade;Donic World Champion 89 - Persson OFF+;;65.6;unmatched;nie
blade;Donic World Champion 89 - Waldner OFF;;62.5;unmatched;nie
blade;Donic Xtreme;;69.6;unmatched;nie
blade;Donic Zhang Jike New Era;;54.2;unmatched;nie
blade;Donic Zhang Jike Original Carbon;;70.2;unmatched;nie
blade;Donier RR+;;69.6;unmatched;nie
blade;Dr. Neubauer Bloodhound;;80.0;unmatched;nie
blade;Dr. Neubauer Colossus;;75.0;unmatched;nie
blade;Dr. Neubauer Firewall Plus;;96.0;unmatched;nie
blade;Dr. Neubauer Grand Master;;80.0;unmatched;nie
blade;Dr. Neubauer High Tech Cypress Carbon;;70.6;unmatched;nie
blade;Dr. Neubauer Magical Touch;;73.9;unmatched;nie
blade;Dr. Neubauer Matador Hybrid Carbon;;72.7;unmatched;nie
blade;Dr. Neubauer Matador Texa Carbon;;71.9;unmatched;nie
blade;Gambler Balsa Knight;;55.6;unmatched;nie
blade;Gambler Black Whirlwind;;46.5;unmatched;nie
blade;Gambler Blackout Max Speed Carbon;;53.8;unmatched;nie
blade;Gambler DJ Fly;;46.7;unmatched;nie
blade;Gambler DJ Fly - Chinese Penhold;;46.7;unmatched;nie
blade;Gambler Exotic Hinoki IM8 Carbon;;53.3;unmatched;nie
blade;Gambler Exotic Hinoki IM8 Carbon - Chinese Penhold;;53.3;unmatched;nie
blade;Gambler Exotic Wingwood IM8 Carbon;;50.0;unmatched;nie
blade;Gambler Fire Dragon Fast;;53.7;unmatched;nie
blade;Gambler Fire Dragon Fast - Chinese Penhold;;53.7;unmatched;nie
blade;Gambler Fire Dragon Hinoki;;50.0;unmatched;nie
blade;Gambler Fire Dragon Hinoki - Chinese Penhold;;50.0;unmatched;nie
blade;Gambler Fire Dragon Touch;;48.8;unmatched;nie
blade;Gambler Fire Dragon Touch - Chinese Penhold;;48.8;unmatched;nie
blade;Gambler IM7 Graphite;;47.1;unmatched;nie
blade;Gambler IM7 Graphite - Chinese Penhold;;47.1;unmatched;nie
blade;Gambler Instinct 2;;66.7;unmatched;nie
blade;Gambler Instinct 2 - Chinese Penhold;;66.7;unmatched;nie
blade;Gambler Vector Hinoki;;47.4;unmatched;nie
blade;Gambler Vector Speed;;55.6;unmatched;nie
blade;Gambler Vector Target;;49.0;unmatched;nie
blade;Gambler Zebra Classic Oversize;;54.5;unmatched;nie
blade;Gambler Zen;;50.0;unmatched;nie
blade;GEWO Allround Basic;;70.6;unmatched;nie
blade;GEWO Allround Classic;;77.3;unmatched;nie
blade;GEWO Alvaro Robles Off;;60.9;unmatched;nie
blade;GEWO Alvaro Robles Off-;;60.9;unmatched;nie
blade;GEWO Aruna All Plus;;62.9;unmatched;nie
blade;GEWO Aruna Carbon Basic;;68.3;unmatched;nie
blade;GEWO Aruna Energy ARC;;59.5;unmatched;nie
blade;GEWO Aruna Hinoki Carbon;;66.7;unmatched;nie
blade;GEWO Aruna Kids;;53.8;unmatched;nie
blade;GEWO Aruna Off;;66.7;unmatched;nie
blade;GEWO Basic Offensive;;74.4;unmatched;nie
blade;GEWO Bence Majoros Off;;55.6;unmatched;nie
blade;GEWO Celexxis Allround Classic;;67.9;unmatched;nie
blade;GEWO Celexxis Allround Classic - Chinese Penhold;;67.9;unmatched;nie
blade;GEWO Celexxis Fortissimo Carbon OFF;;57.7;unmatched;nie
blade;GEWO Celexxis Fortissimo Carbon Offensive Chinese Penhold;;56.2;unmatched;nie
blade;GEWO Celexxis Hinoki Ex-Carbon OFF;;58.8;unmatched;nie
blade;GEWO Celexxis Hinoki Ex-Carbon OFF - Chinese Penhold;;58.8;unmatched;nie
blade;GEWO Celexxis Offensive Classic;;61.5;unmatched;nie
blade;GEWO Celexxis Offensive Classic - Chinese Penhold;;61.5;unmatched;nie
blade;GEWO Ex-Force PBO-PC;;90.0;unmatched;nie
blade;GEWO Force ARC;;70.6;unmatched;nie
blade;GEWO Hybrid Carbon A/Speed All+;;64.4;unmatched;nie
blade;GEWO Hybrid Carbon M/Speed Off-;;64.4;unmatched;nie
blade;GEWO Hybrid Carbon X/Speed Off;;64.4;unmatched;nie
blade;GEWO In-Force Arc OFF-;;81.1;unmatched;nie
blade;GEWO In-Force S-HAC OFF;;82.1;unmatched;nie
blade;GEWO Karas Scepter;;55.6;unmatched;nie
blade;GEWO Power Allround;;74.4;unmatched;nie
blade;GEWO Power Carbon;;80.0;unmatched;nie
blade;GEWO Power Offense;;72.2;unmatched;nie
blade;GEWO Robles Hinoki Ex-Carbon;;61.2;unmatched;nie
blade;GEWO Sensus Carbo Speed;;62.2;unmatched;nie
blade;GEWO Sensus Carbo Touch;;62.2;unmatched;nie
blade;GEWO Sensus Powerfeeling;;55.0;unmatched;nie
blade;GEWO Velox Alpha Power Control;;75.0;unmatched;nie
blade;GEWO Xolo Allround;;70.6;unmatched;nie
blade;GEWO Xolo Offensive;;68.6;unmatched;nie
blade;GEWO Xolo Offensive Carbon;;61.9;unmatched;nie
blade;GEWO Youngster;;56.2;unmatched;nie
blade;GEWO Zoom Balance All+;;58.5;unmatched;nie
blade;GEWO Zoom Balance All+ for Kids;;52.0;unmatched;nie
blade;GEWO Zoom Pro Light;;55.8;unmatched;nie
blade;GEWO Zoom Pro Off-;;59.3;unmatched;nie
blade;Hallmark Carbon Extreme;;97.8;unmatched;nie
blade;Hallmark Ultra;;82.8;unmatched;nie
blade;Hallmark Wood Combination;;88.9;unmatched;nie
blade;Hunter Apex AC;;58.8;unmatched;nie
blade;Hunter Apex ZC;;55.6;unmatched;nie
blade;Hunter Black Widow;;48.6;unmatched;nie
blade;Hunter Caldera AC;;60.5;unmatched;nie
blade;Hunter Caldera ZC;;56.4;unmatched;nie
blade;Hunter Equalizer;;48.6;unmatched;nie
blade;Hunter Fang;;51.9;unmatched;nie
blade;Hunter Flame;;50.0;unmatched;nie
blade;Hunter Power-Touch;;56.2;unmatched;nie
blade;Hunter Sabre 7;;56.2;unmatched;nie
blade;Hunter X-Carbon;;71.4;unmatched;nie
blade;JOOLA BASEline Allround;;86.4;unmatched;nie
blade;JOOLA BASEline Offensive;;75.6;unmatched;nie
blade;JOOLA Rossi Jr;;87.5;unmatched;nie
blade;JOOLA Zhou Qihao Hyper ARY-C 45;;87.3;unmatched;nie
blade;Juic Balsa-C;;58.3;unmatched;nie
blade;Juic Cabriolet I-NP;;47.1;unmatched;nie
blade;Juic DryHeat;;52.2;unmatched;nie
blade;Juic Duo;;44.4;unmatched;nie
blade;Juic Ghost;;47.6;unmatched;nie
blade;Juic Light-Carbo - Japanese Penhold;;52.0;unmatched;nie
blade;Juic Patitan II - Japanese Penhold;;52.6;unmatched;nie
blade;Juic Perseus;;57.1;unmatched;nie
blade;Juic Pro Alpha;;54.1;unmatched;nie
blade;Juic Pro Alpha - Chinese Penhold;;54.1;unmatched;nie
blade;Juic Stream;;54.5;unmatched;nie
blade;Juic Titanium II Allround;;62.7;unmatched;nie
blade;Juic Titanium J Offense - Japanese Penhold;;51.1;unmatched;nie
blade;Juic Titanium Turbo FGP;;47.4;unmatched;nie
blade;Maxi Pong - Maxi;;51.6;unmatched;nie
blade;Maxi Pong - Maxi 2;;48.5;unmatched;nie
blade;Maxi Pong - Maxi 3;;48.5;unmatched;nie
blade;Nittaku A1X - Japanese Penhold;;57.1;unmatched;nie
blade;Nittaku Acoustic;;64.5;unmatched;nie
blade;Nittaku Acoustic - Chinese Penhold;;64.5;unmatched;nie
blade;Nittaku Acoustic Carbon;;65.1;unmatched;nie
blade;Nittaku Acoustic Carbon - Chinese Penhold;;65.1;unmatched;nie
blade;Nittaku Acoustic Carbon (Large Grip);;51.9;unmatched;nie
blade;Nittaku Acoustic Carbon G-Revision;;51.9;unmatched;nie
blade;Nittaku Acoustic Carbon Inner;;57.1;unmatched;nie
blade;Nittaku Acoustic Carbon Inner - Chinese Penhold;;57.1;unmatched;nie
blade;Nittaku Acoustic Carbon Inner G-Revision;;49.4;unmatched;nie
blade;Nittaku Acoustic Carbon Outer 5.8;;52.8;unmatched;nie
blade;Nittaku Acoustic G-Revision;;52.4;unmatched;nie
blade;Nittaku Acute - Japanese Penhold;;59.5;unmatched;nie
blade;Nittaku Endless;;66.7;unmatched;nie
blade;Nittaku Eto 2025 Snake Limited Edition;;45.9;unmatched;nie
blade;Nittaku Flyatt Carbon Alpha;;54.2;unmatched;nie
blade;Nittaku Goriki Danshi;;54.1;unmatched;nie
blade;Nittaku Goriki Super Cut;;61.5;unmatched;nie
blade;Nittaku Gyo-En;;62.1;unmatched;nie
blade;Nittaku H301 NXD;;51.6;unmatched;nie
blade;Nittaku Hina Hayata H2;;54.1;unmatched;nie
blade;Nittaku Hino Blade 5.22;;51.3;unmatched;nie
blade;Nittaku Hino Blade 7.22;;48.9;unmatched;nie
blade;Nittaku Kasumi Basic;;57.1;unmatched;nie
blade;Nittaku Latika Light;;57.1;unmatched;nie
blade;Nittaku Mima Ito Carbon;;65.1;unmatched;nie
blade;Nittaku Miyabi;;62.1;unmatched;nie
blade;Nittaku Miyabi R - Japanese Penhold;;51.3;unmatched;nie
blade;Nittaku Nordlinger AC;;55.6;unmatched;nie
blade;Nittaku Nordlinger DY;;55.6;unmatched;nie
blade;Nittaku Rising 2;;58.1;unmatched;nie
blade;Nittaku Septear Feel Inner;;73.2;unmatched;nie
blade;Nittaku So-Ten;;75.9;unmatched;nie
blade;Nittaku Streak R-H - Japanese Penhold;;61.9;unmatched;nie
blade;Nittaku Tenaly Acoustic;;57.9;unmatched;nie
blade;Nittaku Tenaly Carbon;;66.7;unmatched;nie
blade;Nittaku Tenaly Original;;63.2;unmatched;nie
blade;Nittaku Tornado King;;57.1;unmatched;nie
blade;Nittaku Tornado King Power;;55.3;unmatched;nie
blade;Nittaku Tribus Carbon;;63.4;unmatched;nie
blade;Nittaku Violin;;55.2;unmatched;nie
blade;Nittaku Violin - Chinese Penhold;;55.2;unmatched;nie
blade;Nittaku Violin Carbon;;63.4;unmatched;nie
blade;Nittaku Violoncello;;52.9;unmatched;nie
blade;Nittaku Winglight;;56.2;unmatched;nie
blade;Sanwei Breeze;;74.1;unmatched;nie
blade;Sanwei Echo;;72.0;unmatched;nie
blade;Sanwei Fextra;;72.0;unmatched;nie
blade;Sanwei Froster Pro;;61.1;unmatched;nie
blade;Sanwei Nitro;;71.4;unmatched;nie
blade;Sanwei Paramid;;84.6;unmatched;nie
blade;Sanwei Prism;;76.2;unmatched;nie
blade;Sanwei V5 Pro;;72.0;unmatched;nie
blade;Sauer & Troeger Banana;;77.6;unmatched;nie
blade;Sauer & Troeger Black & White;;72.4;unmatched;nie
blade;Sauer & Troeger Dominate All;;98.0;unmatched;nie
blade;Sauer & Troeger Firestarter;;98.2;unmatched;nie
blade;Sauer & Troeger Kasalla;;78.3;unmatched;nie
blade;Sauer & Troeger Unicorn;;78.3;unmatched;nie
blade;Sauer & Troeger Zeus;;97.7;unmatched;nie
blade;Sauer & Troeger Zhero;;86.4;unmatched;nie
blade;Stiga Allround Classic;;88.9;unmatched;nie
blade;Stiga Allround Classic - Chinese Penhold;;88.9;unmatched;nie
blade;Stiga Allround Classic Carbon;;81.6;unmatched;nie
blade;Stiga Allround Classic Cybershape;;71.4;unmatched;nie
blade;Stiga Allround Classic Cybershape - Chinese Penhold;;71.4;unmatched;nie
blade;Stiga Allround Evolution;;63.8;unmatched;nie
blade;Stiga Allround Evolution - Chinese Penhold;;63.8;unmatched;nie
blade;Stiga Aura Hybrid Carbon;;87.0;unmatched;nie
blade;Stiga Aura Hybrid Carbon - Chinese Penhold;;87.0;unmatched;nie
blade;Stiga Aura Hybrid Carbon Cybershape;;91.2;unmatched;nie
blade;Stiga Aura Hybrid Carbon Cybershape - Chinese Penhold;;91.2;unmatched;nie
blade;Stiga Carbo 7.6 WRB - Chinese Penhold;;66.7;unmatched;nie
blade;Stiga Carbon Soft Touch;;66.7;unmatched;nie
blade;Stiga Carbon Soft Touch Cybershape;;68.7;unmatched;nie
blade;Stiga Carbonado 190 - Chinese Penhold;;94.7;unmatched;nie
blade;Stiga Carbonado 45;;97.3;unmatched;nie
blade;Stiga Carbonado 45 - Chinese Penhold;;97.3;unmatched;nie
blade;Stiga Carbonado 90;;97.3;unmatched;nie
blade;Stiga Celero Wood JP;;91.9;unmatched;nie
blade;Stiga Clipper Classic;;86.5;unmatched;nie
blade;Stiga Clipper Classic - Chinese Penhold;;86.5;unmatched;nie
blade;Stiga Clipper Cybershape;;80.0;unmatched;nie
blade;Stiga Clipper Cybershape - Chinese Penhold;;80.0;unmatched;nie
blade;Stiga Cybershape Carbon CWT;;92.0;unmatched;nie
blade;Stiga Cybershape Carbon CWT - Chinese Penhold;;92.0;unmatched;nie
blade;Stiga Cybershape Carbon CWT Truls Edition;;71.9;unmatched;nie
blade;Stiga Cybershape Wood;;81.8;unmatched;nie
blade;Stiga Cybershape Wood - Chinese Penhold;;81.8;unmatched;nie
blade;Stiga Cybershape Wood CWT;;75.0;unmatched;nie
blade;Stiga Cybershape Wood CWT - Chinese Penhold;;75.0;unmatched;nie
blade;Stiga Defensive Classic II;;71.1;unmatched;nie
blade;Stiga Defensive Classic II Cybershape;;60.7;unmatched;nie
blade;Stiga Destiny Carbon;;75.0;unmatched;nie
blade;Stiga Destiny Carbon Cybershape;;81.2;unmatched;nie
blade;Stiga Dynasty Carbon;;75.0;unmatched;nie
blade;Stiga Dynasty Carbon - Chinese Penhold;;75.0;unmatched;nie
blade;Stiga Dynasty Carbon Xu Xin Edition;;65.6;unmatched;nie
blade;Stiga Energy Wood WRB V2;;80.0;unmatched;nie
blade;Stiga Energy Wood WRB V2 - Chinese Penhold;;80.0;unmatched;nie
blade;Stiga Inspira CCF;;72.7;unmatched;nie
blade;Stiga Inspira CCF - Chinese Penhold;;72.7;unmatched;nie
blade;Stiga Inspira Hybrid Carbon;;85.7;unmatched;nie
blade;Stiga Inspira Hybrid Carbon - Chinese Penhold;;85.7;unmatched;nie
blade;Stiga Intensity NCT;;84.4;unmatched;nie
blade;Stiga Legacy Carbon;;82.1;unmatched;nie
blade;Stiga Legacy Carbon - Chinese Penhold;;82.1;unmatched;nie
blade;Stiga Nostalgic VII;;60.0;unmatched;nie
blade;Stiga Offensive Classic;;73.7;unmatched;nie
blade;Stiga Offensive Classic - Chinese Penhold;;73.7;unmatched;nie
blade;Stiga Pure;;69.6;unmatched;nie
blade;Stiga Pure CWT;;66.7;unmatched;nie
blade;Stiga Pure Cybershape;;72.7;unmatched;nie
blade;Stiga Pure Cybershape CWT;;75.0;unmatched;nie
blade;Stiga Rosewood NCT VII;;85.7;unmatched;nie
blade;Stiga Wavy Ultra Fiber;;57.1;unmatched;nie
blade;Stiga Wavy Ultra Fiber - Chinese Penhold;;57.1;unmatched;nie
blade;Stiga Wavy Ultra Fiber Cybershape;;63.6;unmatched;nie
blade;Tibhar Alexis Lebrun Krypto Carbon;;79.4;unmatched;nie
blade;Tibhar Dynamic JC;;89.5;unmatched;nie
blade;Tibhar E. Lebesson;;93.8;unmatched;nie
blade;Tibhar Felix Lebrun ALL;;82.1;unmatched;nie
blade;Tibhar Felix Lebrun Hyper Carbon;;81.2;unmatched;nie
blade;Tibhar Felix Lebrun Hyper Carbon - Chinese Penhold;;81.2;unmatched;nie
blade;Tibhar Felix Lebrun OFF-;;82.1;unmatched;nie
blade;Tibhar Fortino Pro DC Inside;;78.3;unmatched;nie
blade;Tibhar Kratos;;92.3;unmatched;nie
blade;Tibhar Samsonov Force Pro Black Edition;;78.1;unmatched;nie
blade;Tibhar Stratus Power Defense;;98.2;unmatched;nie
blade;Tibhar Stratus Power Wood;;98.0;unmatched;nie
blade;Tibhar Stratus Samsonov Carbon;;84.6;unmatched;nie
blade;Victas 90th Anniversary Koji Matsushita;;72.1;unmatched;nie
blade;Victas Arsnova;;66.7;unmatched;nie
blade;Victas Arsnova - Chinese Penhold;;66.7;unmatched;nie
blade;Victas Award Allround;;81.8;unmatched;nie
blade;Victas Award Defensive;;68.3;unmatched;nie
blade;Victas Award Offensive;;64.0;unmatched;nie
blade;Victas Benedikt Duda AFC;;60.5;unmatched;nie
blade;Victas Birmingham 77 - Japanese Penhold;;52.2;unmatched;nie
blade;Victas Black Balsa V 5.0;;95.7;unmatched;nie
blade;Victas Black Balsa V 5.0 - Chinese Penhold;;95.7;unmatched;nie
blade;Victas Black Balsa V 7.0;;95.7;unmatched;nie
blade;Victas Black Balsa V 7.0 - Chinese Penhold;;95.7;unmatched;nie
blade;Victas Blast - Japanese Penhold;;63.4;unmatched;nie
blade;Victas Dezel;;69.0;unmatched;nie
blade;Victas Dynam 10.5 - Japanese Penhold;;65.1;unmatched;nie
blade;Victas Dynam 9.0 - Japanese Penhold;;66.7;unmatched;nie
blade;Victas Fire Fall VC (Old version);;82.0;unmatched;nie
blade;Victas Gladias AR;;63.2;unmatched;nie
blade;Victas Gladias AR - Chinese Penhold;;63.2;unmatched;nie
blade;Victas Gladias EX;;64.7;unmatched;nie
blade;Victas Gladias HA;;63.2;unmatched;nie
blade;Victas Hino-Carbon Power;;71.1;unmatched;nie
blade;Victas Hino-Carbon Power - Chinese Penhold;;71.1;unmatched;nie
blade;Victas Hino-Carbon S - Japanese Penhold;;57.1;unmatched;nie
blade;Victas Hino-Carbon SR - Japanese Penhold;;56.0;unmatched;nie
blade;Victas Koji Matsushita Defensive;;85.3;unmatched;nie
blade;Victas Koji Matsushita Offensive;;85.3;unmatched;nie
blade;Victas Koji Matsushita ZC;;93.6;unmatched;nie
blade;Victas Koki Niwa ZC;;91.4;unmatched;nie
blade;Victas Lightness;;58.8;unmatched;nie
blade;Victas Ni Xialian The Legend - Chinese Penhold;;62.1;unmatched;nie
blade;Victas Quartet AFC;;94.4;unmatched;nie
blade;Victas Quartet AFC - Chinese Penhold;;94.4;unmatched;nie
blade;Victas Sleek - Japanese Penhold;;58.5;unmatched;nie
blade;Victas Spin Ace Carbon;;66.7;unmatched;nie
blade;Victas Swat;;66.7;unmatched;nie
blade;Victas Swat 5PW;;71.0;unmatched;nie
blade;Victas Swat Carbon;;68.3;unmatched;nie
blade;Victas Swat Carbon - Chinese Penhold;;68.3;unmatched;nie
blade;Victas Swat Power;;73.7;unmatched;nie
blade;Victas Swat Speed;;81.1;unmatched;nie
blade;Victas V Black;;66.7;unmatched;nie
blade;Victas V Blue;;62.1;unmatched;nie
blade;Victas V Orange;;58.1;unmatched;nie
blade;Victas V Wood;;82.8;unmatched;nie
blade;Victas ZX-Gear Fiber;;95.0;unmatched;nie
blade;XIOM 36.5 ALXi;;96.3;unmatched;nie
blade;XIOM AJH TMXI;;60.9;unmatched;nie
blade;XIOM AJH TMXi Pro;;66.7;unmatched;nie
blade;XIOM Aria;;78.3;unmatched;nie
blade;XIOM Hayabusa ZLX;;97.0;unmatched;nie
blade;XIOM Hibi-O;;72.7;unmatched;nie
blade;XIOM Hibi-O Pro;;69.0;unmatched;nie
blade;XIOM Hibi-O Tour- Japanese Penhold;;55.0;unmatched;nie
blade;XIOM Hugo ALX Pro;;73.3;unmatched;nie
blade;XIOM Hugo HAL;;72.7;unmatched;nie
blade;XIOM Hugo TMXi Pro Supreme;;57.1;unmatched;nie
blade;XIOM Ice Cream AZX PRO;;90.0;unmatched;nie
blade;XIOM Ice Cream AZXi PRO;;90.5;unmatched;nie
blade;XIOM Katana Gold - Japanese Penhold;;53.3;unmatched;nie
blade;XIOM Katana Platinum - Japanese Penhold;;53.1;unmatched;nie
blade;XIOM Katana Silver - Japanese Penhold;;55.8;unmatched;nie
blade;XIOM MUV Prospeed - Japanese Penhold;;51.9;unmatched;nie
blade;XIOM Novus 19 Allround S;;76.9;unmatched;nie
blade;XIOM Novus 19 Axelo;;69.0;unmatched;nie
blade;XIOM Novus 19 Extreme S;;75.7;unmatched;nie
blade;XIOM Novus 19 Ignito;;71.0;unmatched;nie
blade;XIOM Novus 19 Offensive S;;78.0;unmatched;nie
blade;XIOM Novus 19 Stradivarius;;79.1;unmatched;nie
blade;XIOM Novus 19 Strato;;71.0;unmatched;nie
blade;XIOM Power Hinoki - Japanese Penhold;;52.4;unmatched;nie
blade;XIOM Vivid - Navy;;66.7;unmatched;nie
blade;XIOM Vivid - Purple;;60.0;unmatched;nie
blade;XIOM Zeta Offensive;;80.0;unmatched;nie
blade;XIOM Zeta Offensive+;;77.8;unmatched;nie
blade;Yasaka Battle Balsa;;62.5;unmatched;nie
blade;Yasaka Double Face II - Japanese Penhold;;56.6;unmatched;nie
blade;Yasaka Extra Offensive 7 Power;;77.2;unmatched;nie
blade;Yasaka Extra Offensive 7 Power - Chinese Penhold;;77.2;unmatched;nie
blade;Yasaka Falck Carbon;;82.1;unmatched;nie
blade;Yasaka Hasha V - Japanese Penhold;;55.8;unmatched;nie
blade;Yasaka Ma Lin Extra Special;;84.6;unmatched;nie
blade;Yasaka Ma Lin Extra Special - Chinese Penhold;;84.6;unmatched;nie
blade;Yasaka Mark V Special Edition;;63.0;unmatched;nie
blade;Yasaka Max Carbon 3D;;80.0;unmatched;nie
blade;Yasaka Resonate AI;;64.9;unmatched;nie
blade;Yasaka Resonate AI Penhold;;64.9;unmatched;nie
blade;Yasaka Resonate GI;;64.5;unmatched;nie
blade;Yasaka Resonate GI - Chinese Penhold;;64.5;unmatched;nie
blade;Yasaka Resonate GO;;64.9;unmatched;nie
blade;Yasaka Resonate GO - Chinese Penhold;;64.9;unmatched;nie
